name;competence;willingness;confidence
;;;;
Alice;-0.09999999999999998;1.0;0.2

Alice;-0.21999999999999997;0.9;0.16666666666666666
