name;competence;willingness;confidence
Alice;0.08000000000000002;0.35000000000000003;0.3333333333333333
