name;competence;willingness;confidence
Alice;0.38;-0.03333333333333338;0.3333333333333333
