name;competence;willingness;confidence
Alice;0.08000000000000002;-0.09999999999999998;0.6
